{"name":"WhereToFindBundleDeals","identifier":"KIUKPTCCRQ","description":null,"parentIntentSignature":null,"sampleUtterances":[{"utterance":"How do I find bundle deals?"},{"utterance":"Where are bundle deals shown"},{"utterance":"Where do I find bundle deals?"}],"intentConfirmationSetting":null,"intentClosingSetting":{"isActive":true,"closingResponse":{"messageGroupsList":[{"message":{"imageResponseCard":null,"ssmlMessage":null,"customPayload":null,"plainTextMessage":{"value":"When a bundle deal is available in respect of a particular product, this will be indicated in the search results, on the product listing pages and on the product details pages."}},"variations":null}],"allowInterrupt":true}},"inputContexts":null,"outputContexts":null,"kendraConfiguration":null,"dialogCodeHook":null,"fulfillmentCodeHook":null,"slotPriorities":[]}