{"name":"IsItSafe","identifier":"MYOMATVGFP","description":null,"parentIntentSignature":null,"sampleUtterances":[{"utterance":"Is it safe to use my credit card."},{"utterance":"Is it safe to shop from you"},{"utterance":"Is takealot safe?"}],"intentConfirmationSetting":null,"intentClosingSetting":{"isActive":true,"closingResponse":{"messageGroupsList":[{"message":{"imageResponseCard":null,"ssmlMessage":null,"customPayload":null,"plainTextMessage":{"value":"We take the security of your payment and personal information seriously. See section 6 of our Terms and Conditions for details https://www.takealot.com/help/terms-and-conditions"}},"variations":null}],"allowInterrupt":true}},"inputContexts":null,"outputContexts":null,"kendraConfiguration":null,"dialogCodeHook":null,"fulfillmentCodeHook":null,"slotPriorities":[]}