{"name":"WhenDoIqualifyForCOD","identifier":"J1D9YYJS7B","description":null,"parentIntentSignature":null,"sampleUtterances":[{"utterance":"how do I pay cash when an item is delivered"},{"utterance":"COD"},{"utterance":"Cash on delivery"},{"utterance":"When do I qualify for Cash on Delivery"},{"utterance":"When do I qualify for COD"}],"intentConfirmationSetting":null,"intentClosingSetting":{"isActive":true,"closingResponse":{"messageGroupsList":[{"message":{"imageResponseCard":null,"ssmlMessage":null,"customPayload":null,"plainTextMessage":{"value":"Cash on delivery (COD) is offered as a payment option for certain orders, delivered within certain geographical areas, and on select products based on value. It will appear as an available payment option at checkout if your order qualifies.Important: Currently we only accept cash payments when the Cash on Delivery option is selected. Credit & Debit Card or any other digital payments won’t be accepted on delivery."}},"variations":null}],"allowInterrupt":true}},"inputContexts":null,"outputContexts":null,"kendraConfiguration":null,"dialogCodeHook":null,"fulfillmentCodeHook":null,"slotPriorities":[]}