{"name":"CancelPreOrder","identifier":"IAHUP4UQIG","description":null,"parentIntentSignature":null,"sampleUtterances":[{"utterance":"Can I cancel a pre-order?"},{"utterance":"can a pre-order be cancelled?"}],"intentConfirmationSetting":null,"intentClosingSetting":{"isActive":true,"closingResponse":{"messageGroupsList":[{"message":{"imageResponseCard":null,"ssmlMessage":null,"customPayload":null,"plainTextMessage":{"value":"You are entitled to cancel your Pre-order prior to the point at which you receive a notification that it is being shipped for delivery. To cancel your Pre-order you can get in touch with us at https://www.takealot.com/help/."}},"variations":null}],"allowInterrupt":true}},"inputContexts":null,"outputContexts":null,"kendraConfiguration":null,"dialogCodeHook":null,"fulfillmentCodeHook":null,"slotPriorities":[]}