{"name":"WhereIsMyStuff","identifier":"CWLPVZGAUR","description":null,"parentIntentSignature":null,"sampleUtterances":[{"utterance":"My order hasn't arrived"},{"utterance":"Where is my order"},{"utterance":"Where is my stuff?"},{"utterance":"I'm still waiting for my order"}],"intentConfirmationSetting":null,"intentClosingSetting":{"isActive":true,"closingResponse":{"messageGroupsList":[{"message":{"imageResponseCard":null,"ssmlMessage":null,"customPayload":null,"plainTextMessage":{"value":"Next to each product, you’ll find an estimated time for the product to be dispatched, which is the date it will leave Takealot’s warehouse. Please note that this is the expected time.Your order could reach us sooner than expected but delays also occur. As soon as we are notified of a potential delay, you’ll be the first to know. If in doubt you can ask us a question at https://secure.takealot.com/help"}},"variations":null}],"allowInterrupt":true}},"inputContexts":null,"outputContexts":null,"kendraConfiguration":null,"dialogCodeHook":null,"fulfillmentCodeHook":null,"slotPriorities":[]}