{"name":"SignUpForNews","identifier":"FUBTSX2BN6","description":null,"parentIntentSignature":null,"sampleUtterances":[{"utterance":"I want to receive your newsletter"},{"utterance":"how do I sign up to receive newsletters"},{"utterance":"How do I sign up for newsletters"}],"intentConfirmationSetting":null,"intentClosingSetting":{"isActive":true,"closingResponse":{"messageGroupsList":[{"message":{"imageResponseCard":null,"ssmlMessage":null,"customPayload":null,"plainTextMessage":{"value":"If you want to hear about great deals, new products and special offers before anyone else, make sure you are signed up to receive our email newsletters. Signing up is easy:Go to My Account > Customer Information > Newsletter Subscriptions, and enter your preferred email address.To help us send you the most exciting news and product information that is most relevant to you, you can even indicate your interests by ticking your favourite departments.Make sure to click on ‘Save preferences’ to update your account."}},"variations":null}],"allowInterrupt":true}},"inputContexts":null,"outputContexts":null,"kendraConfiguration":null,"dialogCodeHook":null,"fulfillmentCodeHook":null,"slotPriorities":[]}