{"name":"UnboxedDealsFreeShipping","identifier":"ZB7CIBDMUE","description":null,"parentIntentSignature":null,"sampleUtterances":[{"utterance":"Do I get free shipping with unboxed deals?"},{"utterance":"Do unboxed deals qualify for free shipping?"}],"intentConfirmationSetting":null,"intentClosingSetting":{"isActive":true,"closingResponse":{"messageGroupsList":[{"message":{"imageResponseCard":null,"ssmlMessage":null,"customPayload":null,"plainTextMessage":{"value":"Yes – our standard free shipping on orders above R450 applies."}},"variations":null}],"allowInterrupt":true}},"inputContexts":null,"outputContexts":null,"kendraConfiguration":null,"dialogCodeHook":null,"fulfillmentCodeHook":null,"slotPriorities":[]}