{"name":"SignForPackage","identifier":"QP5QMNWLRA","description":null,"parentIntentSignature":null,"sampleUtterances":[{"utterance":"Do I need to be available to receive a delivery?"},{"utterance":"Will I need to accept delivery in person"},{"utterance":"Do I need to sign for a delivery"},{"utterance":"Will I have to sign for my package?"}],"intentConfirmationSetting":null,"intentClosingSetting":{"isActive":true,"closingResponse":{"messageGroupsList":[{"message":{"imageResponseCard":null,"ssmlMessage":null,"customPayload":null,"plainTextMessage":{"value":"If you’re not able to receive your package personally you are welcome address the delivery to a different recipient by updating the delivery address details. For further assistance you can ask us a question at https://secure.takealot.com/help."}},"variations":null}],"allowInterrupt":true}},"inputContexts":null,"outputContexts":null,"kendraConfiguration":null,"dialogCodeHook":null,"fulfillmentCodeHook":null,"slotPriorities":[]}