{"name":"EarnEbucks","identifier":"JZ43R3ZS5B","description":null,"parentIntentSignature":null,"sampleUtterances":[{"utterance":"Can I make eBucks?"},{"utterance":"How do I get eBucks from purchases"},{"utterance":"How do I earn eBucks?"}],"intentConfirmationSetting":null,"intentClosingSetting":{"isActive":true,"closingResponse":{"messageGroupsList":[{"message":{"imageResponseCard":null,"ssmlMessage":null,"customPayload":null,"plainTextMessage":{"value":"When checking out and paying for your goodies, you can select whether you’d like to earn eBucks on that particular purchase.Simply enter your South African ID number in the allocated field and click ‘earn’… Feels great to be spoilt, doesn’t it?"}},"variations":null}],"allowInterrupt":true}},"inputContexts":null,"outputContexts":null,"kendraConfiguration":null,"dialogCodeHook":null,"fulfillmentCodeHook":null,"slotPriorities":[]}