{"name":"PayWithEbucks","identifier":"TH8MTJO1UV","description":null,"parentIntentSignature":null,"sampleUtterances":[{"utterance":"How do I use eBucks"},{"utterance":"Can I pay with eBucks"},{"utterance":"How do I pay using eBucks"}],"intentConfirmationSetting":null,"intentClosingSetting":{"isActive":true,"closingResponse":{"messageGroupsList":[{"message":{"imageResponseCard":null,"ssmlMessage":null,"customPayload":null,"plainTextMessage":{"value":"All you have to do is choose eBucks as your preferred payment method during checkout and follow the prompts. You'll need to provide your eBucks SA ID number and a four digit PIN. If you don't have a pin, login to the eBucks website and request a PIN. It’s that simple.Once you have loaded up your cart on the website and chosen eBucks as your payment option at checkout, you are then able to pay either totally with eBucks (if you’ve got enough of course) OR part-pay with Credit/Debit card/Instant EFT and eBucks."}},"variations":null}],"allowInterrupt":true}},"inputContexts":null,"outputContexts":null,"kendraConfiguration":null,"dialogCodeHook":null,"fulfillmentCodeHook":null,"slotPriorities":[]}