{"name":"MobiCredHelp","identifier":"OHKIRN1OBO","description":null,"parentIntentSignature":null,"sampleUtterances":[{"utterance":"How does mobicred work?"},{"utterance":"mobicred"},{"utterance":"What is Mobicred"}],"intentConfirmationSetting":null,"intentClosingSetting":{"isActive":true,"closingResponse":{"messageGroupsList":[{"message":{"imageResponseCard":null,"ssmlMessage":null,"customPayload":null,"plainTextMessage":{"value":"If you have any questions about Mobicred you can visit www.mobicred.co.za or you can contact them via email at customerservice@mobicred.co.za."}},"variations":null}],"allowInterrupt":true}},"inputContexts":null,"outputContexts":null,"kendraConfiguration":null,"dialogCodeHook":null,"fulfillmentCodeHook":null,"slotPriorities":[]}