{"name":"UnboxedDealWarranty","identifier":"UF36ZK0TSF","description":null,"parentIntentSignature":null,"sampleUtterances":[{"utterance":"Is there a warranty with unboxed deals?"},{"utterance":"Do unboxed deals carry a warranty?"},{"utterance":"Do I get a warranty with unboxed deals?"}],"intentConfirmationSetting":null,"intentClosingSetting":{"isActive":true,"closingResponse":{"messageGroupsList":[{"message":{"imageResponseCard":null,"ssmlMessage":null,"customPayload":null,"plainTextMessage":{"value":"Yes – Unboxed Deals are backed by the Takealot 6 month standard warranty if the product is found to be defective within that period. Please refer to our Returns Policy for more information.  Please note that Unboxed Deals do not have extended supplier warranties and this will be made clear on the product description page."}},"variations":null}],"allowInterrupt":true}},"inputContexts":null,"outputContexts":null,"kendraConfiguration":null,"dialogCodeHook":null,"fulfillmentCodeHook":null,"slotPriorities":[]}