{"name":"EmailChanged","identifier":"JVOQU4WTVN","description":null,"parentIntentSignature":null,"sampleUtterances":[{"utterance":"I want to change my email address"},{"utterance":"My email address has changed"},{"utterance":"How do I change my email address"}],"intentConfirmationSetting":null,"intentClosingSetting":{"isActive":true,"closingResponse":{"messageGroupsList":[{"message":{"imageResponseCard":null,"ssmlMessage":null,"customPayload":null,"plainTextMessage":{"value":"Login with your email address, that your account was registered with, and your password,go to Your Account > Personal Details,change your old email address to your new one and save your changes.Your new email address will be your user Login from now on."}},"variations":null}],"allowInterrupt":true}},"inputContexts":null,"outputContexts":null,"kendraConfiguration":null,"dialogCodeHook":null,"fulfillmentCodeHook":null,"slotPriorities":[]}