{"name":"ItemMissing","identifier":"YJNPDDLEOQ","description":null,"parentIntentSignature":null,"sampleUtterances":[{"utterance":"There is an item missing"},{"utterance":"What happens if a product is missing from my shipment"},{"utterance":"What happens if a product is missing from my delivery"}],"intentConfirmationSetting":null,"intentClosingSetting":{"isActive":true,"closingResponse":{"messageGroupsList":[{"message":{"imageResponseCard":null,"ssmlMessage":null,"customPayload":null,"plainTextMessage":{"value":"If you received an incomplete delivery you can notify us at https://secure.takealot.com/help, then our friendly customer service team will be in touch with you to assist."}},"variations":null}],"allowInterrupt":true}},"inputContexts":null,"outputContexts":null,"kendraConfiguration":null,"dialogCodeHook":null,"fulfillmentCodeHook":null,"slotPriorities":[]}