{"name":"ChangeBundleDealProducts","identifier":"X1FE2DGAKN","description":null,"parentIntentSignature":null,"sampleUtterances":[{"utterance":"Can I choose products in a bundle deal?"},{"utterance":"Can I change products in a bundle deal?"}],"intentConfirmationSetting":null,"intentClosingSetting":{"isActive":true,"closingResponse":{"messageGroupsList":[{"message":{"imageResponseCard":null,"ssmlMessage":null,"customPayload":null,"plainTextMessage":{"value":"Bundle deals can be in either a set bundle format or a multi-buy format.A set bundle deal consists of products specified by us which should be bought together as a bundle in order for you to qualify for the discount. (E.g.: iPhone + charger + pink case).A multi-buy bundle deal consists of products selected by you from the collection of products specified by us. (E.g.: buy three shampoo products for R50)."}},"variations":null}],"allowInterrupt":true}},"inputContexts":null,"outputContexts":null,"kendraConfiguration":null,"dialogCodeHook":null,"fulfillmentCodeHook":null,"slotPriorities":[]}