{"name":"WhenDoIGetChargedForPreOrder","identifier":"YFG9OI6P6H","description":null,"parentIntentSignature":null,"sampleUtterances":[{"utterance":"When do I get charged for a Pre-order?"},{"utterance":"When do I pay for a pre-order"},{"utterance":"when are pre-orders charged?"}],"intentConfirmationSetting":null,"intentClosingSetting":{"isActive":true,"closingResponse":{"messageGroupsList":[{"message":{"imageResponseCard":null,"ssmlMessage":null,"customPayload":null,"plainTextMessage":{"value":"Credit Card Pre-orders are charged immediately.  If you’re paying via Bank Deposit, you’ll hear from us when the payment is due.  Note: Standard Bank Autopay is unfortunately not an option on Pre-orders."}},"variations":null}],"allowInterrupt":true}},"inputContexts":null,"outputContexts":null,"kendraConfiguration":null,"dialogCodeHook":null,"fulfillmentCodeHook":null,"slotPriorities":[]}