{"name":"ExchangeUnboxedDeal","identifier":"RM89ZOHLCZ","description":null,"parentIntentSignature":null,"sampleUtterances":[{"utterance":"Can I change or replace an unboxed deal?"},{"utterance":"Can I exchange an unboxed purchase?"}],"intentConfirmationSetting":null,"intentClosingSetting":{"isActive":true,"closingResponse":{"messageGroupsList":[{"message":{"imageResponseCard":null,"ssmlMessage":null,"customPayload":null,"plainTextMessage":{"value":"Unboxed Deals can be exchanged or replaced in accordance with our Returns Policy, provided that the specific product and/or the different size or colour variation is available as an Unboxed Deal at the time of your request.  If the product is not available as an Unboxed Deal, you will be offered a repair or account credit subject to our Returns Policy."}},"variations":null}],"allowInterrupt":true}},"inputContexts":null,"outputContexts":null,"kendraConfiguration":null,"dialogCodeHook":null,"fulfillmentCodeHook":null,"slotPriorities":[]}