{"name":"TrackOrder","identifier":"BKFBLM4WA1","description":null,"parentIntentSignature":null,"sampleUtterances":[{"utterance":"how can an order be tracked?"},{"utterance":"Can an order be tracked?"},{"utterance":"How do I track my order?"},{"utterance":"Can I track my order?"}],"intentConfirmationSetting":null,"intentClosingSetting":{"isActive":true,"closingResponse":{"messageGroupsList":[{"message":{"imageResponseCard":null,"ssmlMessage":null,"customPayload":null,"plainTextMessage":{"value":"Once we’ve received your order from our suppliers, we’ll send you an e-mail with tracking details. If in doubt, contact us. Please note:The countdown in terms of the shipping period begins once your payment has been authorised. For credit cards this means that once the bank gives us an authorisation code. For cash deposits and Internet transfers this means once the funds reflect in our bank account. For cheque deposits, this means once the funds have been cleared, which is usually only 7 days after the deposit.Business days are defined as Mondays to Fridays, excluding public holidays."}},"variations":null}],"allowInterrupt":true}},"inputContexts":null,"outputContexts":null,"kendraConfiguration":null,"dialogCodeHook":null,"fulfillmentCodeHook":null,"slotPriorities":[]}