{"name":"BundleDeal","identifier":"FBPYJFCJEI","description":null,"parentIntentSignature":null,"sampleUtterances":[{"utterance":"How does a bundle deal work?"},{"utterance":"What's a bundle deal?"},{"utterance":"What is a bundle deal?"}],"intentConfirmationSetting":null,"intentClosingSetting":{"isActive":true,"closingResponse":{"messageGroupsList":[{"message":{"imageResponseCard":null,"ssmlMessage":null,"customPayload":null,"plainTextMessage":{"value":"A bundle deal consists of two or more individual products which, when bought together as a bundle, entitle you to a discount on the purchase price of any one or more of the individual products."}},"variations":null}],"allowInterrupt":true}},"inputContexts":null,"outputContexts":null,"kendraConfiguration":null,"dialogCodeHook":null,"fulfillmentCodeHook":null,"slotPriorities":[]}