{"name":"ChangeDeliveryAddress","identifier":"8RETJLVDQS","description":null,"parentIntentSignature":null,"sampleUtterances":[{"utterance":"How do I change the delivery address?"},{"utterance":"Can I change my delivery address?"}],"intentConfirmationSetting":null,"intentClosingSetting":{"isActive":true,"closingResponse":{"messageGroupsList":[{"message":{"imageResponseCard":null,"ssmlMessage":null,"customPayload":null,"plainTextMessage":{"value":"We unfortunately can’t make changes to your delivery address once payment has been received and you have received your Payment Confirmation email."}},"variations":null}],"allowInterrupt":true}},"inputContexts":null,"outputContexts":null,"kendraConfiguration":null,"dialogCodeHook":null,"fulfillmentCodeHook":null,"slotPriorities":[]}