{"name":"HowDoICancelAnOrder","identifier":"ULIZ51EZ8W","description":null,"parentIntentSignature":null,"sampleUtterances":[{"utterance":"How do I cancel a purchase?"},{"utterance":"How do I cancel an order"}],"intentConfirmationSetting":null,"intentClosingSetting":{"isActive":true,"closingResponse":{"messageGroupsList":[{"message":{"imageResponseCard":null,"ssmlMessage":null,"customPayload":null,"plainTextMessage":{"value":"Get in touch with us at https://secure.takealot.com/help to cancel an item or a complete order.If the order has not yet been paid for, it can simply be cancelled.If it has been paid for, you have the option of a credit or a full refund."}},"variations":null}],"allowInterrupt":true}},"inputContexts":null,"outputContexts":null,"kendraConfiguration":null,"dialogCodeHook":null,"fulfillmentCodeHook":null,"slotPriorities":[]}