{"name":"DeliveryOptions","identifier":"AEYJIYMKHY","description":null,"parentIntentSignature":null,"sampleUtterances":[{"utterance":"What delivery options do you offer?"},{"utterance":"What are the delivery options?"}],"intentConfirmationSetting":null,"intentClosingSetting":{"isActive":true,"closingResponse":{"messageGroupsList":[{"message":{"imageResponseCard":null,"ssmlMessage":null,"customPayload":null,"plainTextMessage":{"value":"Takealot offers 2 convenient methods of delivery:Courier - We deliver directly to your home or office, anywhere in South Africa. All delivery and tracking details are supplied to you at checkout;Collect - You can choose to collect from a Takealot Pickup Point near you."}},"variations":null}],"allowInterrupt":true}},"inputContexts":null,"outputContexts":null,"kendraConfiguration":null,"dialogCodeHook":null,"fulfillmentCodeHook":null,"slotPriorities":[]}