{"name":"VoucherWithUnboxedDeal","identifier":"DM03ALNDEO","description":null,"parentIntentSignature":null,"sampleUtterances":[{"utterance":"Can I use a coupon or voucher to buy an unboxed deal?"},{"utterance":"Can coupons and vouchers be used with unboxed deals?"}],"intentConfirmationSetting":null,"intentClosingSetting":{"isActive":true,"closingResponse":{"messageGroupsList":[{"message":{"imageResponseCard":null,"ssmlMessage":null,"customPayload":null,"plainTextMessage":{"value":"Yes – you can use a promotional discount coupon or gift voucher towards the purchase of an Unboxed Deal."}},"variations":null}],"allowInterrupt":true}},"inputContexts":null,"outputContexts":null,"kendraConfiguration":null,"dialogCodeHook":null,"fulfillmentCodeHook":null,"slotPriorities":[]}