{"name":"InternationShipping","identifier":"QH1SUGYRHA","description":null,"parentIntentSignature":null,"sampleUtterances":[{"utterance":"do you deliver to other countries"},{"utterance":"Can I ship to another country"},{"utterance":"Do you offer international shipping"},{"utterance":"Do you ship overseas"}],"intentConfirmationSetting":null,"intentClosingSetting":{"isActive":true,"closingResponse":{"messageGroupsList":[{"message":{"imageResponseCard":null,"ssmlMessage":null,"customPayload":null,"plainTextMessage":{"value":"We do not ship outside of South African borders at this time."}},"variations":null}],"allowInterrupt":true}},"inputContexts":null,"outputContexts":null,"kendraConfiguration":null,"dialogCodeHook":null,"fulfillmentCodeHook":null,"slotPriorities":[]}