{"name":"WhosYourDaddy","identifier":"WNTPMTIILB","description":null,"parentIntentSignature":null,"sampleUtterances":[{"utterance":"where is my dad"},{"utterance":"dad?"},{"utterance":"where is my daddy"},{"utterance":"Who is my daddy"},{"utterance":"Who is my dad"},{"utterance":"daddy?"}],"intentConfirmationSetting":null,"intentClosingSetting":{"isActive":true,"closingResponse":{"messageGroupsList":[{"message":{"imageResponseCard":null,"ssmlMessage":null,"customPayload":null,"plainTextMessage":{"value":"I think this is what you are looking for: http://stuffs.co.za/hsjfyt"}},"variations":null}],"allowInterrupt":true}},"inputContexts":null,"outputContexts":null,"kendraConfiguration":null,"dialogCodeHook":null,"fulfillmentCodeHook":null,"slotPriorities":[]}