{"name":"HowDoIRegister","identifier":"MFS3XA1G9G","description":null,"parentIntentSignature":null,"sampleUtterances":[{"utterance":"How do I register with Takealot?"},{"utterance":"How to register"},{"utterance":"I need to register"}],"intentConfirmationSetting":null,"intentClosingSetting":null,"inputContexts":null,"outputContexts":null,"kendraConfiguration":null,"dialogCodeHook":null,"fulfillmentCodeHook":{"fulfillmentUpdatesSpecification":null,"postFulfillmentStatusSpecification":{"successResponse":{"messageGroupsList":[{"message":{"imageResponseCard":null,"ssmlMessage":null,"customPayload":null,"plainTextMessage":{"value":"To register as a user, click on Register at the top of the Takealot website and create an account. We’ll need your full name, e-mail address, a password of 5 characters, your gender and at least one contact number."}},"variations":null}],"allowInterrupt":true},"failureResponse":{"messageGroupsList":[{"message":{"imageResponseCard":null,"ssmlMessage":null,"customPayload":null,"plainTextMessage":{"value":"I can't seem to answer that..."}},"variations":null}],"allowInterrupt":true},"timeoutResponse":null},"enabled":false},"slotPriorities":[]}