{"name":"HowDoIBuySomething","identifier":"FW8OKGGOCK","description":null,"parentIntentSignature":null,"sampleUtterances":[{"utterance":"I don't know how to buy something"},{"utterance":"I need to buy something"},{"utterance":"How do I make a purchase?"},{"utterance":"How do I buy something on Takealot?"}],"intentConfirmationSetting":null,"intentClosingSetting":{"isActive":true,"closingResponse":{"messageGroupsList":[{"message":{"imageResponseCard":null,"ssmlMessage":null,"customPayload":null,"plainTextMessage":{"value":"1. Find the product you wish to buy, 2. Add to cart, 3. Checkout"}},"variations":null}],"allowInterrupt":true}},"inputContexts":null,"outputContexts":null,"kendraConfiguration":null,"dialogCodeHook":null,"fulfillmentCodeHook":null,"slotPriorities":[]}