{"name":"WhatIsAPreOrder","identifier":"3SRKOLDCGV","description":null,"parentIntentSignature":null,"sampleUtterances":[{"utterance":"What is a pre-order"}],"intentConfirmationSetting":null,"intentClosingSetting":{"isActive":true,"closingResponse":{"messageGroupsList":[{"message":{"imageResponseCard":null,"ssmlMessage":null,"customPayload":null,"plainTextMessage":{"value":"Pre-orders allow you to place advance orders for products that have not yet been released. When you place the Pre-order, we then order the product in advance from our suppliers. Note: release dates are subject to change without prior notice. We’ll try to keep you informed of any potential changes."}},"variations":null}],"allowInterrupt":true}},"inputContexts":null,"outputContexts":null,"kendraConfiguration":null,"dialogCodeHook":null,"fulfillmentCodeHook":null,"slotPriorities":[]}