{"name":"ProductOutOfStock","identifier":"MDHORZVZLN","description":null,"parentIntentSignature":null,"sampleUtterances":[{"utterance":"The product I want is out of stock."},{"utterance":"What do I do if a product is out of stock?"},{"utterance":"What happens if a product is out of stock?"}],"intentConfirmationSetting":null,"intentClosingSetting":{"isActive":true,"closingResponse":{"messageGroupsList":[{"message":{"imageResponseCard":null,"ssmlMessage":null,"customPayload":null,"plainTextMessage":{"value":"If a product goes out of stock, it will reflect as such on the website or will no longer be visible on the website. We do our best to prevent sales of products that are out of stock, but due to the digital nature of our business the opportunity exists for an item to go out of stock after an order is placed. If you have already ordered the product on the website when it goes out of stock, we’ll let you know. You will then have the option to be refunded or credited for any amount already paid by you, or you can wait until the product comes into stock again."}},"variations":null}],"allowInterrupt":true}},"inputContexts":null,"outputContexts":null,"kendraConfiguration":null,"dialogCodeHook":null,"fulfillmentCodeHook":null,"slotPriorities":[]}