{"name":"WhatAreUnboxedDeals","identifier":"QTXNFNSYSJ","description":null,"parentIntentSignature":null,"sampleUtterances":[{"utterance":"What are unboxed deals?"}],"intentConfirmationSetting":null,"intentClosingSetting":{"isActive":true,"closingResponse":{"messageGroupsList":[{"message":{"imageResponseCard":null,"ssmlMessage":null,"customPayload":null,"plainTextMessage":{"value":"Unboxed products may have minor cosmetic imperfections, missing parts, or be without the original packaging. Where the original packaging is missing or damaged, Takealot may reseal or replace the original packaging altogether to better protect the product."}},"variations":null}],"allowInterrupt":true}},"inputContexts":null,"outputContexts":null,"kendraConfiguration":null,"dialogCodeHook":null,"fulfillmentCodeHook":null,"slotPriorities":[]}