{"name":"ForgotPassword","identifier":"VGUPV4T9E6","description":null,"parentIntentSignature":null,"sampleUtterances":[{"utterance":"I lost my password"},{"utterance":"How do I reset my password"},{"utterance":"What do I do if I forgot my password"},{"utterance":"I forgot my password"}],"intentConfirmationSetting":null,"intentClosingSetting":{"isActive":true,"closingResponse":{"messageGroupsList":[{"message":{"imageResponseCard":null,"ssmlMessage":null,"customPayload":null,"plainTextMessage":{"value":"On the Login page click on the link next to ‘Forgot your password?’ and enter the email address that you account was registered with and click ‘Submit‘. We will email you a link to this email address which you can click on to reset your password."}},"variations":null}],"allowInterrupt":true}},"inputContexts":null,"outputContexts":null,"kendraConfiguration":null,"dialogCodeHook":null,"fulfillmentCodeHook":null,"slotPriorities":[]}