{"name":"BundleDealVSPrePackedDeal","identifier":"PSPPUH9SCW","description":null,"parentIntentSignature":null,"sampleUtterances":[{"utterance":"What is the difference between bundle deals and pre-packed bundles?"},{"utterance":"Is there a difference between a bundle deal and prepacked bundles?"},{"utterance":"Is there a difference between a bundle deal and pre-packed bundles?"}],"intentConfirmationSetting":null,"intentClosingSetting":{"isActive":true,"closingResponse":{"messageGroupsList":[{"message":{"imageResponseCard":null,"ssmlMessage":null,"customPayload":null,"plainTextMessage":{"value":"A bundle deal consists of individual products which, when bought together as a bundle, entitle you to a discount on the purchase price of any one or more of the individual products. A pre-packed bundle is reflected as single product on the Website even though it consists of two or more items."}},"variations":null}],"allowInterrupt":true}},"inputContexts":null,"outputContexts":null,"kendraConfiguration":null,"dialogCodeHook":null,"fulfillmentCodeHook":null,"slotPriorities":[]}