{"name":"MixNormalAndPreOrder","identifier":"AE0CCPLM9N","description":null,"parentIntentSignature":null,"sampleUtterances":[{"utterance":"Can I mix normal orders with pre-orders?"},{"utterance":"Can normal orders be mixed with pre-orders?"},{"utterance":"can normal orders and pre-orders be mixed?"}],"intentConfirmationSetting":null,"intentClosingSetting":{"isActive":true,"closingResponse":{"messageGroupsList":[{"message":{"imageResponseCard":null,"ssmlMessage":null,"customPayload":null,"plainTextMessage":{"value":"Unfortunately you can’t mix Pre-orders with normal orders. You also cannot order a variety of Pre-order products in one transaction – checkout will only allow one Pre-order product (of any quantity) per transaction."}},"variations":null}],"allowInterrupt":true}},"inputContexts":null,"outputContexts":null,"kendraConfiguration":null,"dialogCodeHook":null,"fulfillmentCodeHook":null,"slotPriorities":[]}