{"name":"PaymentOption","identifier":"DN6BPYK6XH","description":null,"parentIntentSignature":null,"sampleUtterances":[{"utterance":"How can I pay?"},{"utterance":"What can I pay with?"},{"utterance":"What payment options do you have?"}],"intentConfirmationSetting":null,"intentClosingSetting":{"isActive":true,"closingResponse":{"messageGroupsList":[{"message":{"imageResponseCard":null,"ssmlMessage":null,"customPayload":null,"plainTextMessage":{"value":"Payment can be made via: Credit & Debit Card, Maestro & Visa Electron, Ozone, PayFast, COD (Cash on Delivery), eBucks, Discovery Miles, Mobicred, Nedbank Personal Loan, NSFAS Wallet | Celbux eVoucher & MasterPass by MasterCard."}},"variations":null}],"allowInterrupt":true}},"inputContexts":null,"outputContexts":null,"kendraConfiguration":null,"dialogCodeHook":null,"fulfillmentCodeHook":null,"slotPriorities":[]}