{"name":"CanIcancel","identifier":"UGZGTSAD7F","description":null,"parentIntentSignature":null,"sampleUtterances":[{"utterance":"Can I cancel an order"},{"utterance":"Is it possible to cancel an order"}],"intentConfirmationSetting":null,"intentClosingSetting":{"isActive":true,"closingResponse":{"messageGroupsList":[{"message":{"imageResponseCard":null,"ssmlMessage":null,"customPayload":null,"plainTextMessage":{"value":"You are entitled to cancel your order prior to the point at which you receive a notification that it is being shipped for delivery. Should you wish to return the product thereafter, you can do so in accordance with our Returns Policy."}},"variations":null}],"allowInterrupt":true}},"inputContexts":null,"outputContexts":null,"kendraConfiguration":null,"dialogCodeHook":null,"fulfillmentCodeHook":null,"slotPriorities":[]}